FileName,AccountName
zstd,root
yum.log,root
yum.log,root
yum.log,root
yum.log,root
yum.log,root
yum.log,root
yum.log,root
yum.log,root
yum.log,root
yum.log,root
yum.log,root
yum.log,root
yum.log,root
yum.log,root
yum.log,root
yum.log,root
yum.log,root
yum.log,root
yum.log,root
yum.log,root
yum.log,root
yum.log,root
yum.log,root
yum.log,root
yum.log,root
yum.log,root
yum.log,root
yum.log,root
yum.log,root
yum.log,root
xxd,root
xxd,michaelayo
xxd,zgirrens
xxd,hiqhjinks
xxd,root
xxd,hiqhjinks
xxd,root
xxd,zgirrens
xxd,dylan
xxd,root
xxd,zgirrens
xxd,zgirrens
xxd,dylan
xxd,root
xxd,zgirrens
xxd,hiqhjinks
xxd,root
xxd,root
xxd,hiqhjinks
